Song_title,Artist,id,danceability,energy,key,loudness,mode,speechiness,acousticness,instrumentalness,liveness,valence,tempo,type,id,uri,track_href,analysis_url,duration_ms,time_signature
Lovin On Me,Jack Harlow,4xhsWYTOGcal8zt0J161CU,0.943,0.558,2,-4.911,1,0.0568,0.0026,2.19e-06,0.0937,0.606,104.983,audio_features,4xhsWYTOGcal8zt0J161CU,spotify:track:4xhsWYTOGcal8zt0J161CU,https://api.spotify.com/v1/tracks/4xhsWYTOGcal8zt0J161CU,https://api.spotify.com/v1/audio-analysis/4xhsWYTOGcal8zt0J161CU,138411,4
Cruel Summer,Taylor Swift,1BxfuPKGuaTgP7aM0Bbdwr,0.552,0.702,9,-5.707,1,0.157,0.117,2.06e-05,0.105,0.564,169.994,audio_features,1BxfuPKGuaTgP7aM0Bbdwr,spotify:track:1BxfuPKGuaTgP7aM0Bbdwr,https://api.spotify.com/v1/tracks/1BxfuPKGuaTgP7aM0Bbdwr,https://api.spotify.com/v1/audio-analysis/1BxfuPKGuaTgP7aM0Bbdwr,178427,4
Greedy,Tate McRae,3rUGC1vUpkDG9CZFHMur1t,0.75,0.733,6,-3.18,0,0.0319,0.256,0.0,0.114,0.844,111.018,audio_features,3rUGC1vUpkDG9CZFHMur1t,spotify:track:3rUGC1vUpkDG9CZFHMur1t,https://api.spotify.com/v1/tracks/3rUGC1vUpkDG9CZFHMur1t,https://api.spotify.com/v1/audio-analysis/3rUGC1vUpkDG9CZFHMur1t,131872,1
Paint The Town Red,Doja Cat,2IGMVunIBsBLtEQyoI1Mu7,0.868,0.538,5,-8.603,1,0.174,0.269,3.34e-06,0.0901,0.732,99.968,audio_features,2IGMVunIBsBLtEQyoI1Mu7,spotify:track:2IGMVunIBsBLtEQyoI1Mu7,https://api.spotify.com/v1/tracks/2IGMVunIBsBLtEQyoI1Mu7,https://api.spotify.com/v1/audio-analysis/2IGMVunIBsBLtEQyoI1Mu7,231750,4
Snooze,SZA,4iZ4pt7kvcaH6Yo8UoZ4s2,0.559,0.551,5,-7.231,1,0.132,0.141,0.0,0.11,0.392,143.008,audio_features,4iZ4pt7kvcaH6Yo8UoZ4s2,spotify:track:4iZ4pt7kvcaH6Yo8UoZ4s2,https://api.spotify.com/v1/tracks/4iZ4pt7kvcaH6Yo8UoZ4s2,https://api.spotify.com/v1/audio-analysis/4iZ4pt7kvcaH6Yo8UoZ4s2,201800,4
Water,Tyla,5aIVCx5tnk0ntmdiinnYvw,0.673,0.722,3,-3.495,0,0.0755,0.0856,0.0,0.137,0.519,117.187,audio_features,5aIVCx5tnk0ntmdiinnYvw,spotify:track:5aIVCx5tnk0ntmdiinnYvw,https://api.spotify.com/v1/tracks/5aIVCx5tnk0ntmdiinnYvw,https://api.spotify.com/v1/audio-analysis/5aIVCx5tnk0ntmdiinnYvw,200256,4
Last Night,Morgan Wallen,7K3BhSpAxZBznislvUMVtn,0.492,0.675,6,-5.456,1,0.0389,0.467,0.0,0.142,0.478,203.759,audio_features,7K3BhSpAxZBznislvUMVtn,spotify:track:7K3BhSpAxZBznislvUMVtn,https://api.spotify.com/v1/tracks/7K3BhSpAxZBznislvUMVtn,https://api.spotify.com/v1/audio-analysis/7K3BhSpAxZBznislvUMVtn,163855,4
Fast Car,Luke Combs,1Lo0QY9cvc8sUB2vnIOxDT,0.712,0.603,8,-5.52,1,0.0262,0.186,0.0,0.115,0.67,97.994,audio_features,1Lo0QY9cvc8sUB2vnIOxDT,spotify:track:1Lo0QY9cvc8sUB2vnIOxDT,https://api.spotify.com/v1/tracks/1Lo0QY9cvc8sUB2vnIOxDT,https://api.spotify.com/v1/audio-analysis/1Lo0QY9cvc8sUB2vnIOxDT,265493,4
Agora Hills,Doja Cat,7dJYggqjKo71KI9sLzqCs8,0.75,0.674,8,-6.128,0,0.097,0.228,8.91e-05,0.122,0.392,123.026,audio_features,7dJYggqjKo71KI9sLzqCs8,spotify:track:7dJYggqjKo71KI9sLzqCs8,https://api.spotify.com/v1/tracks/7dJYggqjKo71KI9sLzqCs8,https://api.spotify.com/v1/audio-analysis/7dJYggqjKo71KI9sLzqCs8,265360,4
Thinkin' Bout Me,Morgan Wallen,0PAcdVzhPO4gq1Iym9ESnK,0.656,0.757,3,-5.775,0,0.0308,0.492,0.0,0.117,0.429,139.971,audio_features,0PAcdVzhPO4gq1Iym9ESnK,spotify:track:0PAcdVzhPO4gq1Iym9ESnK,https://api.spotify.com/v1/tracks/0PAcdVzhPO4gq1Iym9ESnK,https://api.spotify.com/v1/audio-analysis/0PAcdVzhPO4gq1Iym9ESnK,177388,4
Lose Control,Teddy Swims,6usohdchdzW9oML7VC4Uhk,0.561,0.604,9,-4.409,1,0.0337,0.199,1.9e-05,0.104,0.242,159.92,audio_features,6usohdchdzW9oML7VC4Uhk,spotify:track:6usohdchdzW9oML7VC4Uhk,https://api.spotify.com/v1/tracks/6usohdchdzW9oML7VC4Uhk,https://api.spotify.com/v1/audio-analysis/6usohdchdzW9oML7VC4Uhk,210689,3
Is It Over Now? (Taylor's Version) [From The Vault],Taylor Swift,1Iq8oo9XkmmvCQiGOfORiz,0.596,0.658,0,-7.346,1,0.036,0.0504,0.0,0.127,0.176,100.012,audio_features,1Iq8oo9XkmmvCQiGOfORiz,spotify:track:1Iq8oo9XkmmvCQiGOfORiz,https://api.spotify.com/v1/tracks/1Iq8oo9XkmmvCQiGOfORiz,https://api.spotify.com/v1/audio-analysis/1Iq8oo9XkmmvCQiGOfORiz,229478,4
Lil Boo Thang,Paul Russell,0cVyQfDyRnMJ0V3rjjdlU3,0.85,0.699,0,-3.292,1,0.0776,0.152,0.0,0.32,0.915,114.481,audio_features,0cVyQfDyRnMJ0V3rjjdlU3,spotify:track:0cVyQfDyRnMJ0V3rjjdlU3,https://api.spotify.com/v1/tracks/0cVyQfDyRnMJ0V3rjjdlU3,https://api.spotify.com/v1/audio-analysis/0cVyQfDyRnMJ0V3rjjdlU3,114234,4
Flowers,Miley Cyrus,7DSAEUvxU8FajXtRloy8M0,0.706,0.691,0,-4.775,1,0.0633,0.0584,6.99e-05,0.0232,0.632,118.048,audio_features,7DSAEUvxU8FajXtRloy8M0,spotify:track:7DSAEUvxU8FajXtRloy8M0,https://api.spotify.com/v1/tracks/7DSAEUvxU8FajXtRloy8M0,https://api.spotify.com/v1/audio-analysis/7DSAEUvxU8FajXtRloy8M0,200600,4
FTCU,Nicki Minaj,1a73gcEg6h6Re6hHXoVltJ,0.928,0.458,11,-6.751,1,0.187,0.0175,0.000446,0.118,0.242,144.995,audio_features,1a73gcEg6h6Re6hHXoVltJ,spotify:track:1a73gcEg6h6Re6hHXoVltJ,https://api.spotify.com/v1/tracks/1a73gcEg6h6Re6hHXoVltJ,https://api.spotify.com/v1/audio-analysis/1a73gcEg6h6Re6hHXoVltJ,172138,4
White Horse,Chris Stapleton,7MSWxMumjz6lHj7oRApNbg,0.353,0.77,1,-11.066,0,0.0493,0.0016,0.598,0.109,0.224,145.225,audio_features,7MSWxMumjz6lHj7oRApNbg,spotify:track:7MSWxMumjz6lHj7oRApNbg,https://api.spotify.com/v1/tracks/7MSWxMumjz6lHj7oRApNbg,https://api.spotify.com/v1/audio-analysis/7MSWxMumjz6lHj7oRApNbg,267893,4
Stick Season,Noah Kahan,0mflMxspEfB0VbI1kyLiAv,0.662,0.488,9,-6.894,1,0.0682,0.782,0.0,0.102,0.817,117.913,audio_features,0mflMxspEfB0VbI1kyLiAv,spotify:track:0mflMxspEfB0VbI1kyLiAv,https://api.spotify.com/v1/tracks/0mflMxspEfB0VbI1kyLiAv,https://api.spotify.com/v1/audio-analysis/0mflMxspEfB0VbI1kyLiAv,182347,4
What Was I Made For?,Billie Eilish,6wf7Yu7cxBSPrRlWeSeK0Q,0.444,0.0911,0,-17.665,1,0.0307,0.959,1.05e-06,0.098,0.142,78.403,audio_features,6wf7Yu7cxBSPrRlWeSeK0Q,spotify:track:6wf7Yu7cxBSPrRlWeSeK0Q,https://api.spotify.com/v1/tracks/6wf7Yu7cxBSPrRlWeSeK0Q,https://api.spotify.com/v1/audio-analysis/6wf7Yu7cxBSPrRlWeSeK0Q,222370,4
Vampire,Olivia Rodrigo,1kuGVB7EU95pJObxwvfwKS,0.511,0.532,5,-5.745,1,0.0578,0.177,0.0,0.291,0.35,138.005,audio_features,1kuGVB7EU95pJObxwvfwKS,spotify:track:1kuGVB7EU95pJObxwvfwKS,https://api.spotify.com/v1/tracks/1kuGVB7EU95pJObxwvfwKS,https://api.spotify.com/v1/audio-analysis/1kuGVB7EU95pJObxwvfwKS,219724,4
Need A Favor,Jelly Roll,07on0OB2cdPt79IFsgdRUy,0.502,0.771,6,-4.246,1,0.032,0.0123,1.82e-05,0.0801,0.557,157.978,audio_features,07on0OB2cdPt79IFsgdRUy,spotify:track:07on0OB2cdPt79IFsgdRUy,https://api.spotify.com/v1/tracks/07on0OB2cdPt79IFsgdRUy,https://api.spotify.com/v1/audio-analysis/07on0OB2cdPt79IFsgdRUy,197400,4
Dance The Night,Dua Lipa,1vYXt7VSjH9JIM5oRRo7vA,0.671,0.845,11,-4.93,0,0.048,0.0207,0.0,0.329,0.775,110.056,audio_features,1vYXt7VSjH9JIM5oRRo7vA,spotify:track:1vYXt7VSjH9JIM5oRRo7vA,https://api.spotify.com/v1/tracks/1vYXt7VSjH9JIM5oRRo7vA,https://api.spotify.com/v1/audio-analysis/1vYXt7VSjH9JIM5oRRo7vA,176579,4
Fukumean,Gunna,4rXLjWdF2ZZpXCVTfWcshS,0.847,0.622,1,-6.747,0,0.0903,0.119,0.0,0.285,0.22,130.001,audio_features,4rXLjWdF2ZZpXCVTfWcshS,spotify:track:4rXLjWdF2ZZpXCVTfWcshS,https://api.spotify.com/v1/tracks/4rXLjWdF2ZZpXCVTfWcshS,https://api.spotify.com/v1/audio-analysis/4rXLjWdF2ZZpXCVTfWcshS,125040,4
World On Fire,Nate Smith,5ya0TmUQw2wHMkq36rPsnd,0.461,0.887,11,-4.871,0,0.0429,0.000219,0.0,0.104,0.411,95.964,audio_features,5ya0TmUQw2wHMkq36rPsnd,spotify:track:5ya0TmUQw2wHMkq36rPsnd,https://api.spotify.com/v1/tracks/5ya0TmUQw2wHMkq36rPsnd,https://api.spotify.com/v1/audio-analysis/5ya0TmUQw2wHMkq36rPsnd,189987,4
Houdini,Dua Lipa,4OMJGnvZfDvsePyCwRGO7X,0.744,0.789,9,-4.876,0,0.059,0.0036,0.00144,0.0947,0.866,116.985,audio_features,4OMJGnvZfDvsePyCwRGO7X,spotify:track:4OMJGnvZfDvsePyCwRGO7X,https://api.spotify.com/v1/tracks/4OMJGnvZfDvsePyCwRGO7X,https://api.spotify.com/v1/audio-analysis/4OMJGnvZfDvsePyCwRGO7X,185918,4
Save Me,Jelly Roll With Lainey Wilson,30LZU3ReFIndjHLfaahreM,0.564,0.612,0,-5.018,1,0.0248,0.382,0.0,0.11,0.146,83.03,audio_features,30LZU3ReFIndjHLfaahreM,spotify:track:30LZU3ReFIndjHLfaahreM,https://api.spotify.com/v1/tracks/30LZU3ReFIndjHLfaahreM,https://api.spotify.com/v1/audio-analysis/30LZU3ReFIndjHLfaahreM,237493,3
Used To Be Young,Miley Cyrus,41WQUSINanQHfhfKpFDsms,0.451,0.632,4,-3.843,1,0.0475,0.6,0.0,0.139,0.455,147.06,audio_features,41WQUSINanQHfhfKpFDsms,spotify:track:41WQUSINanQHfhfKpFDsms,https://api.spotify.com/v1/tracks/41WQUSINanQHfhfKpFDsms,https://api.spotify.com/v1/audio-analysis/41WQUSINanQHfhfKpFDsms,190461,4
Kill Bill,SZA,1Qrg8KqiBpW07V7PNxwwwL,0.644,0.735,8,-5.747,1,0.0391,0.0521,0.144,0.161,0.418,88.98,audio_features,1Qrg8KqiBpW07V7PNxwwwL,spotify:track:1Qrg8KqiBpW07V7PNxwwwL,https://api.spotify.com/v1/tracks/1Qrg8KqiBpW07V7PNxwwwL,https://api.spotify.com/v1/audio-analysis/1Qrg8KqiBpW07V7PNxwwwL,153947,4
Good Good,"Usher, Summer Walker & 21 Savage",0J1YRLYhTG1MBosjidD7OI,0.753,0.669,7,-4.914,0,0.104,0.0378,0.0,0.122,0.584,140.948,audio_features,0J1YRLYhTG1MBosjidD7OI,spotify:track:0J1YRLYhTG1MBosjidD7OI,https://api.spotify.com/v1/tracks/0J1YRLYhTG1MBosjidD7OI,https://api.spotify.com/v1/audio-analysis/0J1YRLYhTG1MBosjidD7OI,247469,4
Pretty Little Poison,Warren Zeiders,2gT2iF1YK5r54A2PDEXVv8,0.518,0.557,1,-4.839,1,0.0332,0.0258,2.46e-06,0.156,0.216,111.865,audio_features,2gT2iF1YK5r54A2PDEXVv8,spotify:track:2gT2iF1YK5r54A2PDEXVv8,https://api.spotify.com/v1/tracks/2gT2iF1YK5r54A2PDEXVv8,https://api.spotify.com/v1/audio-analysis/2gT2iF1YK5r54A2PDEXVv8,218160,3
La Diabla,Xavi,0R6NfOiLzLj4O5VbYSJAjf,0.751,0.819,11,-4.372,0,0.0409,0.255,0.0,0.236,0.697,131.842,audio_features,0R6NfOiLzLj4O5VbYSJAjf,spotify:track:0R6NfOiLzLj4O5VbYSJAjf,https://api.spotify.com/v1/tracks/0R6NfOiLzLj4O5VbYSJAjf,https://api.spotify.com/v1/audio-analysis/0R6NfOiLzLj4O5VbYSJAjf,172264,3
On My Mama,Victoria Monet,7DswEZZthZ6piQpL25qGAM,0.675,0.546,4,-7.716,0,0.0511,0.556,0.00441,0.167,0.607,77.415,audio_features,7DswEZZthZ6piQpL25qGAM,spotify:track:7DswEZZthZ6piQpL25qGAM,https://api.spotify.com/v1/tracks/7DswEZZthZ6piQpL25qGAM,https://api.spotify.com/v1/audio-analysis/7DswEZZthZ6piQpL25qGAM,184258,4
Truck Bed,HARDY,103u49mLoJUge83B1CnLxI,0.662,0.77,0,-4.887,1,0.0367,0.0875,0.0,0.35,0.769,132.057,audio_features,103u49mLoJUge83B1CnLxI,spotify:track:103u49mLoJUge83B1CnLxI,https://api.spotify.com/v1/tracks/103u49mLoJUge83B1CnLxI,https://api.spotify.com/v1/audio-analysis/103u49mLoJUge83B1CnLxI,167535,4
My Love Mine All Mine,Mitski,3vkCueOmm7xQDoJ17W1Pm3,0.504,0.308,9,-14.958,1,0.0321,0.868,0.135,0.158,0.121,113.95,audio_features,3vkCueOmm7xQDoJ17W1Pm3,spotify:track:3vkCueOmm7xQDoJ17W1Pm3,https://api.spotify.com/v1/tracks/3vkCueOmm7xQDoJ17W1Pm3,https://api.spotify.com/v1/audio-analysis/3vkCueOmm7xQDoJ17W1Pm3,137773,4
Save Me The Trouble,Dan + Shay,7hZTywPKMdVjJzwdWu11BK,0.444,0.629,9,-4.435,1,0.0318,0.00544,0.0,0.271,0.376,134.931,audio_features,7hZTywPKMdVjJzwdWu11BK,spotify:track:7hZTywPKMdVjJzwdWu11BK,https://api.spotify.com/v1/tracks/7hZTywPKMdVjJzwdWu11BK,https://api.spotify.com/v1/audio-analysis/7hZTywPKMdVjJzwdWu11BK,200347,3
Exes,Tate McRae,0HD8mbiPjp3o94X3EaZp0o,0.838,0.569,5,-6.324,0,0.0621,0.152,0.000136,0.102,0.551,136.965,audio_features,0HD8mbiPjp3o94X3EaZp0o,spotify:track:0HD8mbiPjp3o94X3EaZp0o,https://api.spotify.com/v1/tracks/0HD8mbiPjp3o94X3EaZp0o,https://api.spotify.com/v1/audio-analysis/0HD8mbiPjp3o94X3EaZp0o,159400,4
I Know ?,Travis Scott,6wsqVwoiVH2kde4k4KKAFU,0.927,0.619,5,-4.441,0,0.0539,0.0186,0.0,0.104,0.817,117.995,audio_features,6wsqVwoiVH2kde4k4KKAFU,spotify:track:6wsqVwoiVH2kde4k4KKAFU,https://api.spotify.com/v1/tracks/6wsqVwoiVH2kde4k4KKAFU,https://api.spotify.com/v1/audio-analysis/6wsqVwoiVH2kde4k4KKAFU,211582,4
Wild Ones,Jessie Murph & Jelly Roll,2kE2HFBFkJ0VMw3igxYohz,0.65,0.689,0,-3.543,1,0.0449,0.0878,0.0,0.172,0.294,136.03,audio_features,2kE2HFBFkJ0VMw3igxYohz,spotify:track:2kE2HFBFkJ0VMw3igxYohz,https://api.spotify.com/v1/tracks/2kE2HFBFkJ0VMw3igxYohz,https://api.spotify.com/v1/audio-analysis/2kE2HFBFkJ0VMw3igxYohz,142520,4
Strangers,Kenya Grace,5mjYQaktjmjcMKcUIcqz4s,0.628,0.523,11,-8.307,0,0.0946,0.701,0.00274,0.219,0.416,169.982,audio_features,5mjYQaktjmjcMKcUIcqz4s,spotify:track:5mjYQaktjmjcMKcUIcqz4s,https://api.spotify.com/v1/tracks/5mjYQaktjmjcMKcUIcqz4s,https://api.spotify.com/v1/audio-analysis/5mjYQaktjmjcMKcUIcqz4s,172965,4
Monaco,Bad Bunny,4MjDJD8cW7iVeWInc2Bdyj,0.787,0.621,4,-5.009,0,0.068,0.15,0.000402,0.58,0.13,139.056,audio_features,4MjDJD8cW7iVeWInc2Bdyj,spotify:track:4MjDJD8cW7iVeWInc2Bdyj,https://api.spotify.com/v1/tracks/4MjDJD8cW7iVeWInc2Bdyj,https://api.spotify.com/v1/audio-analysis/4MjDJD8cW7iVeWInc2Bdyj,267194,4
The Painter,Cody Johnson,6UoKX6uLJwhsnyTp5k5StP,0.512,0.709,2,-5.766,1,0.0329,0.0415,4.25e-06,0.107,0.261,97.981,audio_features,6UoKX6uLJwhsnyTp5k5StP,spotify:track:6UoKX6uLJwhsnyTp5k5StP,https://api.spotify.com/v1/tracks/6UoKX6uLJwhsnyTp5k5StP,https://api.spotify.com/v1/audio-analysis/6UoKX6uLJwhsnyTp5k5StP,211413,4
Get Him Back!,Olivia Rodrigo,2gyxAWHebV7xPYVxqoi86f,0.546,0.846,5,-5.719,1,0.181,0.0135,0.0,0.607,0.74,162.043,audio_features,2gyxAWHebV7xPYVxqoi86f,spotify:track:2gyxAWHebV7xPYVxqoi86f,https://api.spotify.com/v1/tracks/2gyxAWHebV7xPYVxqoi86f,https://api.spotify.com/v1/audio-analysis/2gyxAWHebV7xPYVxqoi86f,211141,4
Never Lose Me,Flo Milli,6uTPdRrEDeH8Fyg5L5qmeU,0.781,0.567,1,-7.857,1,0.0969,0.0504,0.0,0.0981,0.0743,121.964,audio_features,6uTPdRrEDeH8Fyg5L5qmeU,spotify:track:6uTPdRrEDeH8Fyg5L5qmeU,https://api.spotify.com/v1/tracks/6uTPdRrEDeH8Fyg5L5qmeU,https://api.spotify.com/v1/audio-analysis/6uTPdRrEDeH8Fyg5L5qmeU,125902,4
Dial Drunk,Noah Kahan With Post Malone,22VHOlVYBqytsrAqV8yXBK,0.667,0.613,8,-7.147,1,0.0313,0.121,0.0,0.113,0.681,112.046,audio_features,22VHOlVYBqytsrAqV8yXBK,spotify:track:22VHOlVYBqytsrAqV8yXBK,https://api.spotify.com/v1/tracks/22VHOlVYBqytsrAqV8yXBK,https://api.spotify.com/v1/audio-analysis/22VHOlVYBqytsrAqV8yXBK,213817,4
Where The Wild Things Are,Luke Combs,0eBFgRxyVSeuT4iyrbukdn,0.708,0.731,3,-4.872,1,0.0345,0.0189,4.47e-06,0.129,0.379,116.975,audio_features,0eBFgRxyVSeuT4iyrbukdn,spotify:track:0eBFgRxyVSeuT4iyrbukdn,https://api.spotify.com/v1/tracks/0eBFgRxyVSeuT4iyrbukdn,https://api.spotify.com/v1/audio-analysis/0eBFgRxyVSeuT4iyrbukdn,239533,4
You Broke My Heart,Drake,5Se32hEA9raeboZerywxka,0.465,0.7,10,-5.163,0,0.0893,0.203,0.0,0.299,0.276,120.854,audio_features,5Se32hEA9raeboZerywxka,spotify:track:5Se32hEA9raeboZerywxka,https://api.spotify.com/v1/tracks/5Se32hEA9raeboZerywxka,https://api.spotify.com/v1/audio-analysis/5Se32hEA9raeboZerywxka,230709,4
Harley Quinn,Fuerza Regida & Marshmello,6CvTEtGagmzQvkUzzyKR9k,0.815,0.741,1,-6.04,1,0.0569,0.0277,0.0183,0.219,0.591,125.031,audio_features,6CvTEtGagmzQvkUzzyKR9k,spotify:track:6CvTEtGagmzQvkUzzyKR9k,https://api.spotify.com/v1/tracks/6CvTEtGagmzQvkUzzyKR9k,https://api.spotify.com/v1/audio-analysis/6CvTEtGagmzQvkUzzyKR9k,143327,4
Burn It Down,Parker McCollum,4bARASJEokNacSYtEhoNBp,0.484,0.753,2,-5.23,1,0.0503,0.11,5.95e-06,0.193,0.281,80.995,audio_features,4bARASJEokNacSYtEhoNBp,spotify:track:4bARASJEokNacSYtEhoNBp,https://api.spotify.com/v1/tracks/4bARASJEokNacSYtEhoNBp,https://api.spotify.com/v1/audio-analysis/4bARASJEokNacSYtEhoNBp,216673,4
Bellakeo,Peso Pluma & Anitta,05WVKTdZhlIMX4qqMLuo0f,0.72,0.88,9,-2.834,1,0.101,0.0562,0.06,0.153,0.463,180.011,audio_features,05WVKTdZhlIMX4qqMLuo0f,spotify:track:05WVKTdZhlIMX4qqMLuo0f,https://api.spotify.com/v1/tracks/05WVKTdZhlIMX4qqMLuo0f,https://api.spotify.com/v1/audio-analysis/05WVKTdZhlIMX4qqMLuo0f,197333,4
La Victima,Xavi,5XVdHRf4CAJ2Jm0uMIy5qY,0.778,0.835,11,-3.598,0,0.0767,0.152,0.0,0.109,0.666,140.082,audio_features,5XVdHRf4CAJ2Jm0uMIy5qY,spotify:track:5XVdHRf4CAJ2Jm0uMIy5qY,https://api.spotify.com/v1/tracks/5XVdHRf4CAJ2Jm0uMIy5qY,https://api.spotify.com/v1/audio-analysis/5XVdHRf4CAJ2Jm0uMIy5qY,156346,4
Feather,Sabrina Carpenter,2Zo1PcszsT9WQ0ANntJbID,0.787,0.686,6,-4.37,0,0.0339,0.0893,0.0,0.0927,0.836,123.51,audio_features,2Zo1PcszsT9WQ0ANntJbID,spotify:track:2Zo1PcszsT9WQ0ANntJbID,https://api.spotify.com/v1/tracks/2Zo1PcszsT9WQ0ANntJbID,https://api.spotify.com/v1/audio-analysis/2Zo1PcszsT9WQ0ANntJbID,185553,4
500lbs,Lil Tecca,6rjuKpPydT2SxN15TZpV7r,0.722,0.785,7,-5.451,0,0.0763,0.0942,0.0,0.119,0.529,122.986,audio_features,6rjuKpPydT2SxN15TZpV7r,spotify:track:6rjuKpPydT2SxN15TZpV7r,https://api.spotify.com/v1/tracks/6rjuKpPydT2SxN15TZpV7r,https://api.spotify.com/v1/audio-analysis/6rjuKpPydT2SxN15TZpV7r,144390,4
Qlona,Karol G & Peso Pluma,5RqSsdzTNPX1uzkmlHCFvK,0.841,0.738,7,-7.455,0,0.307,0.52,0.0,0.0892,0.484,169.918,audio_features,5RqSsdzTNPX1uzkmlHCFvK,spotify:track:5RqSsdzTNPX1uzkmlHCFvK,https://api.spotify.com/v1/tracks/5RqSsdzTNPX1uzkmlHCFvK,https://api.spotify.com/v1/audio-analysis/5RqSsdzTNPX1uzkmlHCFvK,172798,4
I Can Feel It,Kane Brown,2eGvz6O6tVnh9nKiitDEhZ,0.529,0.866,3,-5.816,0,0.0452,0.00281,0.00526,0.0287,0.55,116.004,audio_features,2eGvz6O6tVnh9nKiitDEhZ,spotify:track:2eGvz6O6tVnh9nKiitDEhZ,https://api.spotify.com/v1/tracks/2eGvz6O6tVnh9nKiitDEhZ,https://api.spotify.com/v1/audio-analysis/2eGvz6O6tVnh9nKiitDEhZ,163600,4
You're Losing Me (From The Vault),Taylor Swift,3CWq0pAKKTWb0K4yiglDc4,0.747,0.391,0,-13.767,1,0.052,0.529,0.003,0.111,0.195,102.984,audio_features,3CWq0pAKKTWb0K4yiglDc4,spotify:track:3CWq0pAKKTWb0K4yiglDc4,https://api.spotify.com/v1/tracks/3CWq0pAKKTWb0K4yiglDc4,https://api.spotify.com/v1/audio-analysis/3CWq0pAKKTWb0K4yiglDc4,277832,4
Mind On You,George Birge,7rr3gguU3TcVnLZD9VzASE,0.576,0.815,10,-3.999,0,0.0267,0.142,0.0,0.267,0.56,130.032,audio_features,7rr3gguU3TcVnLZD9VzASE,spotify:track:7rr3gguU3TcVnLZD9VzASE,https://api.spotify.com/v1/tracks/7rr3gguU3TcVnLZD9VzASE,https://api.spotify.com/v1/audio-analysis/7rr3gguU3TcVnLZD9VzASE,177920,4
Can't Catch Me Now,Olivia Rodrigo,56xHMIfQPoe0prrSi3BGhf,0.521,0.366,11,-7.698,0,0.034,0.838,4.11e-06,0.12,0.225,141.965,audio_features,56xHMIfQPoe0prrSi3BGhf,spotify:track:56xHMIfQPoe0prrSi3BGhf,https://api.spotify.com/v1/tracks/56xHMIfQPoe0prrSi3BGhf,https://api.spotify.com/v1/audio-analysis/56xHMIfQPoe0prrSi3BGhf,205484,4
Segun Quien,Maluma & Carin Leon,6fNCrsrdIcgVd2aZZ0nnz4,0.909,0.762,9,-3.974,1,0.0643,0.434,0.0,0.0856,0.843,101.987,audio_features,6fNCrsrdIcgVd2aZZ0nnz4,spotify:track:6fNCrsrdIcgVd2aZZ0nnz4,https://api.spotify.com/v1/tracks/6fNCrsrdIcgVd2aZZ0nnz4,https://api.spotify.com/v1/audio-analysis/6fNCrsrdIcgVd2aZZ0nnz4,142335,3
El Amor de Su Vida,Grupo Frontera & Grupo Firme,0O3U5iwTbiXCREMkvotJuN,0.616,0.834,9,-3.069,1,0.0664,0.06,0.0,0.338,0.746,151.701,audio_features,0O3U5iwTbiXCREMkvotJuN,spotify:track:0O3U5iwTbiXCREMkvotJuN,https://api.spotify.com/v1/tracks/0O3U5iwTbiXCREMkvotJuN,https://api.spotify.com/v1/audio-analysis/0O3U5iwTbiXCREMkvotJuN,165848,4
Soak City (Do It),310babii,5C8h9PY9oTneqJihbn10NB,0.836,0.409,9,-14.189,1,0.188,0.258,4.92e-06,0.242,0.233,101.931,audio_features,5C8h9PY9oTneqJihbn10NB,spotify:track:5C8h9PY9oTneqJihbn10NB,https://api.spotify.com/v1/tracks/5C8h9PY9oTneqJihbn10NB,https://api.spotify.com/v1/audio-analysis/5C8h9PY9oTneqJihbn10NB,122321,4
One Of The Girls,"The Weeknd, JENNIE & Lily Rose Depp",7CyPwkp0oE8Ro9Dd5CUDjW,0.522,0.641,8,-6.287,1,0.0318,0.0545,0.0,0.162,0.202,87.51,audio_features,7CyPwkp0oE8Ro9Dd5CUDjW,spotify:track:7CyPwkp0oE8Ro9Dd5CUDjW,https://api.spotify.com/v1/tracks/7CyPwkp0oE8Ro9Dd5CUDjW,https://api.spotify.com/v1/audio-analysis/7CyPwkp0oE8Ro9Dd5CUDjW,244685,4
Standing Next To You,Jung Kook,2KslE17cAJNHTsI2MI0jb2,0.711,0.809,2,-4.389,0,0.0955,0.0447,0.0,0.339,0.816,106.017,audio_features,2KslE17cAJNHTsI2MI0jb2,spotify:track:2KslE17cAJNHTsI2MI0jb2,https://api.spotify.com/v1/tracks/2KslE17cAJNHTsI2MI0jb2,https://api.spotify.com/v1/audio-analysis/2KslE17cAJNHTsI2MI0jb2,206020,4
23,Chayce Beckham,1ZpPaBDswjV3VSUKqLDXPE,0.626,0.583,0,-7.346,0,0.0318,0.276,0.0,0.141,0.428,87.977,audio_features,1ZpPaBDswjV3VSUKqLDXPE,spotify:track:1ZpPaBDswjV3VSUKqLDXPE,https://api.spotify.com/v1/tracks/1ZpPaBDswjV3VSUKqLDXPE,https://api.spotify.com/v1/audio-analysis/1ZpPaBDswjV3VSUKqLDXPE,228145,4
Perro Negro,Bad Bunny & Feid,7iQXYTyuG13aoeHxGG28Nh,0.911,0.778,5,-2.248,1,0.262,0.0887,2.16e-05,0.179,0.345,96.057,audio_features,7iQXYTyuG13aoeHxGG28Nh,spotify:track:7iQXYTyuG13aoeHxGG28Nh,https://api.spotify.com/v1/tracks/7iQXYTyuG13aoeHxGG28Nh,https://api.spotify.com/v1/audio-analysis/7iQXYTyuG13aoeHxGG28Nh,162768,4
Oklahoma Smokeshow,Zach Bryan,0OWhKvvsHptt6vnnNUSM9a,0.544,0.573,8,-5.694,1,0.0356,0.0958,0.0,0.104,0.233,122.977,audio_features,0OWhKvvsHptt6vnnNUSM9a,spotify:track:0OWhKvvsHptt6vnnNUSM9a,https://api.spotify.com/v1/tracks/0OWhKvvsHptt6vnnNUSM9a,https://api.spotify.com/v1/audio-analysis/0OWhKvvsHptt6vnnNUSM9a,211739,4
Wondering Why,The Red Clay Strays,1OG7o5af3ILKrFkp7pvvb0,0.524,0.209,4,-12.437,1,0.0405,0.85,0.0,0.173,0.347,148.59,audio_features,1OG7o5af3ILKrFkp7pvvb0,spotify:track:1OG7o5af3ILKrFkp7pvvb0,https://api.spotify.com/v1/tracks/1OG7o5af3ILKrFkp7pvvb0,https://api.spotify.com/v1/audio-analysis/1OG7o5af3ILKrFkp7pvvb0,232918,3
Mmhmm,BigXthaPlug,1nQaTUDJ7Rc4yOvZmg9Ozr,0.93,0.682,9,-8.799,1,0.331,0.028,0.0,0.129,0.962,126.003,audio_features,1nQaTUDJ7Rc4yOvZmg9Ozr,spotify:track:1nQaTUDJ7Rc4yOvZmg9Ozr,https://api.spotify.com/v1/tracks/1nQaTUDJ7Rc4yOvZmg9Ozr,https://api.spotify.com/v1/audio-analysis/1nQaTUDJ7Rc4yOvZmg9Ozr,119016,4
Great Gatsby,Rod Wave,4M68xjcc42oxyphhzpOWXS,0.67,0.555,1,-9.12,0,0.0908,0.0382,6.36e-06,0.414,0.16,156.937,audio_features,4M68xjcc42oxyphhzpOWXS,spotify:track:4M68xjcc42oxyphhzpOWXS,https://api.spotify.com/v1/tracks/4M68xjcc42oxyphhzpOWXS,https://api.spotify.com/v1/audio-analysis/4M68xjcc42oxyphhzpOWXS,146808,4
Bad Idea Right?,Olivia Rodrigo,3IX0yuEVvDbnqUwMBB3ouC,0.627,0.879,9,-3.446,1,0.0955,0.00193,6.87e-06,0.0647,0.748,129.979,audio_features,3IX0yuEVvDbnqUwMBB3ouC,spotify:track:3IX0yuEVvDbnqUwMBB3ouC,https://api.spotify.com/v1/tracks/3IX0yuEVvDbnqUwMBB3ouC,https://api.spotify.com/v1/audio-analysis/3IX0yuEVvDbnqUwMBB3ouC,184784,4
Rompe La Dompe,"Peso Pluma, Junior H & Oscar Maydon",2OWv3lRR8PtOVuHWzQNRs2,0.757,0.642,2,-7.966,0,0.0369,0.607,0.0355,0.169,0.759,130.098,audio_features,2OWv3lRR8PtOVuHWzQNRs2,spotify:track:2OWv3lRR8PtOVuHWzQNRs2,https://api.spotify.com/v1/tracks/2OWv3lRR8PtOVuHWzQNRs2,https://api.spotify.com/v1/audio-analysis/2OWv3lRR8PtOVuHWzQNRs2,165635,3
Virginia Beach,Drake,3eP13S8D5m2cweMEg3ZDed,0.402,0.514,1,-7.322,0,0.0471,0.106,0.0,0.181,0.2,120.009,audio_features,3eP13S8D5m2cweMEg3ZDed,spotify:track:3eP13S8D5m2cweMEg3ZDed,https://api.spotify.com/v1/tracks/3eP13S8D5m2cweMEg3ZDed,https://api.spotify.com/v1/audio-analysis/3eP13S8D5m2cweMEg3ZDed,251095,4
Rich Men North Of Richmond,Oliver Anthony Music,78Du4CMFgnhdlG33gblkiP,0.678,0.264,10,-12.384,1,0.0622,0.753,0.0,0.302,0.528,121.722,audio_features,78Du4CMFgnhdlG33gblkiP,spotify:track:78Du4CMFgnhdlG33gblkiP,https://api.spotify.com/v1/tracks/78Du4CMFgnhdlG33gblkiP,https://api.spotify.com/v1/audio-analysis/78Du4CMFgnhdlG33gblkiP,187244,4
Northern Attitude,Noah Kahan With Hozier,4oEf84vBYVftf6KmZexhVo,0.486,0.64,3,-8.027,1,0.0551,0.136,7.58e-05,0.105,0.289,122.017,audio_features,4oEf84vBYVftf6KmZexhVo,spotify:track:4oEf84vBYVftf6KmZexhVo,https://api.spotify.com/v1/tracks/4oEf84vBYVftf6KmZexhVo,https://api.spotify.com/v1/audio-analysis/4oEf84vBYVftf6KmZexhVo,267256,4
Now That We Don't Talk (Taylor's Version) [From The Vault],Taylor Swift,5KD6AEm19QnMbfWpfoOHMl,0.793,0.512,0,-9.319,1,0.0338,0.186,3.81e-05,0.0889,0.0662,109.994,audio_features,5KD6AEm19QnMbfWpfoOHMl,spotify:track:5KD6AEm19QnMbfWpfoOHMl,https://api.spotify.com/v1/tracks/5KD6AEm19QnMbfWpfoOHMl,https://api.spotify.com/v1/audio-analysis/5KD6AEm19QnMbfWpfoOHMl,146437,4
Lace It,"Juice WRLD, Eminem & benny blanco",4qmG24ebshLXtKu9HIShBP,0.773,0.597,2,-7.138,1,0.309,0.194,0.0,0.22,0.305,160.101,audio_features,4qmG24ebshLXtKu9HIShBP,spotify:track:4qmG24ebshLXtKu9HIShBP,https://api.spotify.com/v1/tracks/4qmG24ebshLXtKu9HIShBP,https://api.spotify.com/v1/audio-analysis/4qmG24ebshLXtKu9HIShBP,217527,4
Mi Ex Tenia Razon,Karol G,54zcJnb3tp9c5OVKREZ1Is,0.634,0.725,5,-4.945,0,0.0587,0.0776,0.0,0.211,0.795,159.845,audio_features,54zcJnb3tp9c5OVKREZ1Is,spotify:track:54zcJnb3tp9c5OVKREZ1Is,https://api.spotify.com/v1/tracks/54zcJnb3tp9c5OVKREZ1Is,https://api.spotify.com/v1/audio-analysis/54zcJnb3tp9c5OVKREZ1Is,154375,4
Run For The Hills,Tate McRae,51hyZpbJlIgZIaX3TtMxmu,0.544,0.831,8,-3.578,1,0.0941,0.543,0.0,0.118,0.233,130.005,audio_features,51hyZpbJlIgZIaX3TtMxmu,spotify:track:51hyZpbJlIgZIaX3TtMxmu,https://api.spotify.com/v1/tracks/51hyZpbJlIgZIaX3TtMxmu,https://api.spotify.com/v1/audio-analysis/51hyZpbJlIgZIaX3TtMxmu,143940,4
Better Place,*NSYNC,1bHnRc60O1N0l3PbHjaKyK,0.579,0.556,4,-6.277,0,0.0511,0.0214,0.0,0.0904,0.558,116.943,audio_features,1bHnRc60O1N0l3PbHjaKyK,spotify:track:1bHnRc60O1N0l3PbHjaKyK,https://api.spotify.com/v1/tracks/1bHnRc60O1N0l3PbHjaKyK,https://api.spotify.com/v1/audio-analysis/1bHnRc60O1N0l3PbHjaKyK,216667,4
"Burn, Burn, Burn",Zach Bryan,5jfhLCSIFUO4ndzNRh4w4G,0.508,0.296,3,-10.513,1,0.0755,0.897,5e-05,0.11,0.134,82.532,audio_features,5jfhLCSIFUO4ndzNRh4w4G,spotify:track:5jfhLCSIFUO4ndzNRh4w4G,https://api.spotify.com/v1/tracks/5jfhLCSIFUO4ndzNRh4w4G,https://api.spotify.com/v1/audio-analysis/5jfhLCSIFUO4ndzNRh4w4G,268856,4
My Eyes,Travis Scott,4kjI1gwQZRKNDkw1nI475M,0.455,0.621,0,-7.694,0,0.0517,0.651,2.59e-06,0.123,0.28,119.043,audio_features,4kjI1gwQZRKNDkw1nI475M,spotify:track:4kjI1gwQZRKNDkw1nI475M,https://api.spotify.com/v1/tracks/4kjI1gwQZRKNDkw1nI475M,https://api.spotify.com/v1/audio-analysis/4kjI1gwQZRKNDkw1nI475M,251250,4
Tourniquet,Zach Bryan,3EvZ03hGAFwGZ2Ebcu86YH,0.593,0.397,6,-8.309,1,0.0329,0.684,7.44e-06,0.0982,0.32,76.703,audio_features,3EvZ03hGAFwGZ2Ebcu86YH,spotify:track:3EvZ03hGAFwGZ2Ebcu86YH,https://api.spotify.com/v1/tracks/3EvZ03hGAFwGZ2Ebcu86YH,https://api.spotify.com/v1/audio-analysis/3EvZ03hGAFwGZ2Ebcu86YH,189053,4
Y Lloro,Junior H,6RcAHyC5sAUIbPTkhOQwd8,0.728,0.589,7,-7.115,1,0.0376,0.424,7.78e-06,0.166,0.767,77.475,audio_features,6RcAHyC5sAUIbPTkhOQwd8,spotify:track:6RcAHyC5sAUIbPTkhOQwd8,https://api.spotify.com/v1/tracks/6RcAHyC5sAUIbPTkhOQwd8,https://api.spotify.com/v1/audio-analysis/6RcAHyC5sAUIbPTkhOQwd8,179013,4
Murder On The Dancefloor,Sophie Ellis-Bextor,4tKGFmENO69tZR9ahgZu48,0.73,0.849,1,-5.281,0,0.0299,0.00234,2.6e-05,0.312,0.887,117.31,audio_features,4tKGFmENO69tZR9ahgZu48,spotify:track:4tKGFmENO69tZR9ahgZu48,https://api.spotify.com/v1/tracks/4tKGFmENO69tZR9ahgZu48,https://api.spotify.com/v1/audio-analysis/4tKGFmENO69tZR9ahgZu48,230013,4
Amargura,Karol G,505v13epFXodT9fVAJ6h8k,0.92,0.696,6,-3.356,0,0.0742,0.183,0.0,0.149,0.545,106.966,audio_features,505v13epFXodT9fVAJ6h8k,spotify:track:505v13epFXodT9fVAJ6h8k,https://api.spotify.com/v1/tracks/505v13epFXodT9fVAJ6h8k,https://api.spotify.com/v1/audio-analysis/505v13epFXodT9fVAJ6h8k,170480,4
Wildflowers And Wild Horses,Lainey Wilson,6d3QUBsiAw3aZI6F2mMhzk,0.442,0.644,10,-5.787,0,0.0378,0.347,1.73e-06,0.128,0.34,117.379,audio_features,6d3QUBsiAw3aZI6F2mMhzk,spotify:track:6d3QUBsiAw3aZI6F2mMhzk,https://api.spotify.com/v1/tracks/6d3QUBsiAw3aZI6F2mMhzk,https://api.spotify.com/v1/audio-analysis/6d3QUBsiAw3aZI6F2mMhzk,216573,4
